T,T amb,q in,q out,price
27.54,18.2,77.5,56.02,0.22
29.98,18.2,77.56,56.25,0.22
32.38,18.1,77.6,56.48,0.22
34.47,18.2,77.65,56.7,0.22
36.74,18.1,77.69,56.93,0.22
39.05,17.9,77.72,57.14,0.22
40.8,18,77.75,57.36,0.22
42.78,17.9,77.78,57.57,0.22
44.94,17.9,77.8,57.78,0.22
46.65,17.9,77.82,57.99,0.22
48.26,18,77.83,58.19,0.22
49.9,17.9,77.84,58.39,0.22
51.65,17.8,77.85,58.59,0.22
53.06,18,77.85,58.79,0.22
54.76,18,77.85,58.98,0.22
55.99,17.6,77.85,59.17,0.22
57.41,17.9,77.85,59.36,0.22
58.67,17.7,77.84,59.55,0.22
59.96,17.7,77.82,59.73,0.22
61.34,17.7,77.81,59.91,0.22
62.35,17.6,77.79,60.09,0.22
63.33,17.6,77.76,60.26,0.22
64.48,17.8,77.74,60.44,0.22
65.42,17.9,77.71,60.61,0.22
66.48,17.8,77.68,60.78,0.22
67.23,17.7,77.65,60.94,0.22
68,17.9,77.61,61.11,0.22
68.96,17.9,77.57,61.27,0.22
69.53,17.9,77.53,61.43,0.22
70.45,18,77.48,61.58,0.22
70.97,18,77.43,61.74,0.22
71.72,17.8,77.38,61.89,0.22
72.24,17.9,77.32,62.04,0.22
72.57,18,77.26,62.18,0.22
73.29,17.9,77.2,62.32,0.22
73.58,17.9,77.13,62.46,0.22
74.27,17.9,77.07,62.6,0.22
74.37,17.9,77.02,62.73,0.22
75.02,17.9,76.97,62.86,0.22
75.27,18,76.92,62.98,0.22
75.36,18.1,76.87,63.1,0.22
75.83,18,76.82,63.22,0.22
76.16,18,76.77,63.33,0.22
76.14,18.2,76.73,63.44,0.22
76.53,18.3,76.69,63.55,0.22
76.53,18.3,76.67,63.65,0.22
76.86,18.2,76.65,63.75,0.22
77.04,18,76.64,63.85,0.22
77.03,18,76.64,63.96,0.22
77.07,18.1,76.66,64.07,0.22
77.06,18.2,76.71,64.21,0.22
77.15,18,76.77,64.36,0.22
77.25,17.9,76.85,64.51,0.22
77.47,18.2,76.94,64.66,0.22
77.49,17.9,77.04,64.82,0.22
77.57,18,77.14,64.98,0.22
77.3,18,77.24,65.14,0.22
77.61,17.9,77.34,65.31,0.22
77.45,18.1,77.43,65.47,0.22
77.63,18.1,77.53,65.64,0.22
77.46,18.1,77.61,65.81,0.22
77.54,18.2,77.69,65.98,0.22
77.3,17.9,77.76,66.15,0.22
77.27,18.2,77.82,66.31,0.22
77.46,18.2,77.88,66.48,0.22
77.21,18.2,77.92,66.65,0.22
77.12,18,77.96,66.81,0.22
76.94,18.2,77.98,66.97,0.22
77.03,18,78,67.13,0.22
76.79,17.9,78.01,67.29,0.22
76.8,18.1,78,67.44,0.22
76.61,18,77.99,67.59,0.22
76.39,18,77.98,67.74,0.22
76.16,18,77.96,67.89,0.22
75.9,18,77.94,68.03,0.22
75.75,18.2,77.92,68.17,0.22
75.43,17.9,77.91,68.31,0.22
75.16,18,77.89,68.45,0.22
74.85,18,77.87,68.58,0.22
74.7,17.9,77.86,68.71,0.22
74.56,18.1,77.84,68.84,0.22
74.04,17.9,77.82,68.97,0.22
73.66,17.9,77.79,69.1,0.22
73.45,17.9,77.76,69.22,0.22
73.21,18.1,77.71,69.34,0.22
72.72,18,77.66,69.46,0.22
72.28,18,77.59,69.57,0.22
72.21,18.1,77.52,69.69,0.22
71.69,18.2,77.45,69.8,0.22
71.13,18,77.38,69.91,0.22
71.01,18.1,77.31,70.02,0.22
70.62,17.9,77.24,70.12,0.22
70.01,17.9,77.18,70.23,0.22
69.72,17.9,77.12,70.33,0.22
69.16,18,77.08,70.43,0.22
68.73,18.2,77.06,70.52,0.22
68.15,18,77.05,70.62,0.22
67.84,18.2,77.05,70.71,0.22
67.24,18.1,77.07,70.8,0.22
66.98,18.2,77.11,70.89,0.22
66.54,18.3,77.15,70.87,0.22
65.81,18.4,77.21,70.85,0.22
65.41,18.1,77.27,70.83,0.22
65.26,18.3,77.34,70.81,0.22
64.68,18.4,77.42,70.79,0.22
64.62,18.1,77.5,70.77,0.22
64.16,18.1,77.58,70.75,0.22
63.98,18.4,77.65,70.73,0.22
63.43,18.3,77.72,70.71,0.22
63.36,18.3,77.79,70.69,0.22
63.17,18.3,77.84,70.67,0.22
62.79,18.3,77.88,70.66,0.22
62.51,18,77.92,70.64,0.22
62.39,18.3,77.96,70.63,0.22
62.16,18.3,77.99,70.62,0.22
61.95,18.2,78.01,70.62,0.22
61.76,18.4,78.02,70.62,0.22
61.6,18.1,78.02,70.62,0.22
61.39,18.2,78.01,70.63,0.22
61.17,18.3,78,70.64,0.22
61.08,18.2,77.97,70.65,0.22
60.8,18.2,77.94,70.67,0.22
60.76,18.2,77.9,70.68,0.22
60.67,18.1,77.86,70.7,0.22
60.44,18.3,77.81,70.72,0.22
60.35,18.3,77.77,70.74,0.22
60.03,18.1,77.74,70.76,0.22
59.98,18,77.71,70.78,0.22
59.71,18.1,77.7,70.8,0.22
59.4,18,77.68,70.82,0.22
59.26,18.2,77.67,70.83,0.22
59,18.1,77.67,70.85,0.22
58.98,18.2,77.67,70.86,0.22
58.65,18,77.66,70.87,0.22
58.74,18.1,77.67,70.87,0.22
58.59,18,77.67,70.87,0.22
58.18,18.1,77.67,70.86,0.22
58.12,18.1,77.67,70.85,0.22
58.03,18.3,77.67,70.84,0.22
57.72,18.2,77.67,70.82,0.22
57.74,18.2,77.67,70.79,0.22
57.66,18.1,77.67,70.77,0.22
57.33,18.2,77.66,70.74,0.22
57.15,18.3,77.64,70.7,0.22
57.04,18.3,77.62,70.67,0.22
56.91,18.3,77.58,70.63,0.22
56.98,18.4,77.54,70.59,0.22
56.84,18.3,77.49,70.56,0.22
56.78,18.5,77.43,70.52,0.22
56.8,18.5,77.37,70.48,0.22
56.38,18.4,77.29,70.45,0.22
56.39,18.4,77.2,70.41,0.22
56.15,18.6,77.1,70.38,0.22
56.27,18.4,77.01,70.35,0.22
56.24,18.4,76.9,70.33,0.22
55.95,18.7,76.8,70.31,0.22
55.75,18.5,76.69,70.29,0.22
55.59,18.5,76.58,70.28,0.22
55.38,18.6,76.47,70.27,0.22
55.46,18.5,76.36,70.26,0.22
55.08,18.7,76.27,70.26,0.22
54.89,18.6,76.19,70.26,0.22
54.95,18.6,76.13,70.26,0.22
54.79,18.4,76.1,70.27,0.22
54.57,18.6,76.09,70.28,0.22
54.31,18.6,76.1,70.29,0.22
54.29,18.5,76.15,70.31,0.22
54.13,18.5,76.21,70.34,0.22
53.72,18.6,76.3,70.36,0.22
53.52,18.5,76.41,70.39,0.22
53.4,18.6,76.54,70.42,0.22
53.32,18.6,76.69,70.46,0.22
53.23,18.4,76.86,70.49,0.22
53.18,18.3,77.03,70.53,0.22
53.11,18.5,77.22,70.56,0.22
53.28,18.4,77.41,70.6,0.22
52.96,18.5,77.62,70.64,0.22
53,18.3,77.83,70.68,0.22
53.06,18.4,78.05,70.71,0.22
53.33,18.2,78.28,70.75,0.22
53.25,18.2,78.51,70.79,0.22
53.35,18.3,78.74,70.82,0.22
53.29,18.2,78.95,70.86,0.22
53.62,18.3,79.15,70.9,0.22
53.8,18.3,79.33,70.93,0.22
53.74,18.6,79.48,70.96,0.22
54.16,18.3,79.6,70.99,0.22
54.12,18.5,79.68,71.02,0.22
54.43,18.5,79.73,71.04,0.22
54.5,18.4,79.74,71.06,0.22
54.74,18.4,79.73,71.08,0.22
54.73,18.7,79.68,71.1,0.22
54.97,18.6,79.61,71.11,0.22
55.07,18.6,79.5,71.12,0.22
55.28,18.7,79.37,71.13,0.22
55.47,18.6,79.21,71.13,0.22
55.36,18.7,79.02,71.13,0.22
55.63,18.7,78.82,71.12,0.22
55.54,18.7,78.6,71.11,0.22
55.49,18.6,78.37,71.09,0.22
55.7,18.7,78.14,71.07,0.22
55.39,18.5,77.91,71.05,0.22
55.54,18.6,77.68,71.01,0.22
55.49,18.5,77.46,70.98,0.22
55.35,18.5,77.25,70.94,0.22
54.96,18.5,77.06,70.9,0.22
54.8,18.6,76.89,70.85,0.22
54.83,18.6,76.74,70.81,0.22
54.46,18.5,76.61,70.76,0.22
54.47,18.6,76.5,70.71,0.22
54.39,18.6,76.41,70.66,0.22
54.14,18.5,76.36,70.6,0.22
53.75,18.6,76.32,70.55,0.22
53.82,18.3,76.32,70.51,0.22
53.43,18.4,76.34,70.46,0.22
53.43,18.5,76.39,70.41,0.22
53.43,18.2,76.47,70.37,0.22
53.01,18.2,76.57,70.33,0.22
53.12,18.2,76.69,70.3,0.22
53.05,18.5,76.83,70.27,0.22
52.89,18.3,76.97,70.24,0.22
52.77,18.3,77.12,70.23,0.22
52.77,18.5,77.28,70.22,0.22
52.79,18.3,77.43,70.21,0.22
52.98,18.1,77.57,70.22,0.22
52.89,18.2,77.7,70.23,0.22
52.92,18.2,77.83,70.25,0.22
53.23,18.4,77.95,70.27,0.22
53.18,18.4,78.06,70.31,0.22
53.16,18.2,78.17,70.35,0.22
53.24,18.4,78.27,70.4,0.22
53.36,18.2,78.38,70.45,0.22
53.59,18.2,78.48,70.51,0.22
53.6,18.4,78.58,70.58,0.22
53.7,18.5,78.68,70.65,0.22
53.95,18.4,78.77,70.73,0.22
53.9,18.3,78.87,70.81,0.22
54.01,18.6,78.95,70.9,0.22
54.18,18.6,79.03,70.98,0.22
54.4,18.5,79.11,71.07,0.22
54.54,18.4,79.17,71.16,0.22
54.58,18.6,79.22,71.25,0.22
54.68,18.3,79.27,71.34,0.22
54.77,18.6,79.31,71.43,0.22
54.9,18.6,79.35,71.51,0.22
54.9,18.3,79.39,71.59,0.22
54.85,18.4,79.42,71.66,0.22
54.77,18.4,79.46,71.73,0.22
55,18.6,79.49,71.79,0.22
54.94,18.5,79.52,71.85,0.22
55,18.4,79.54,71.9,0.22
55.08,18.5,79.55,71.93,0.22
55.04,18.6,79.56,71.97,0.22
55.21,18.4,79.57,71.99,0.22
55.24,18.5,79.57,72.01,0.22
55.3,18.5,79.58,72.02,0.22
55.21,18.7,79.58,72.02,0.22
55.34,18.6,79.58,72.02,0.22
55.33,18.7,79.56,72.01,0.22
55.35,18.7,79.54,71.99,0.22
55.36,18.8,79.51,71.97,0.22
55.16,18.8,79.46,71.94,0.22
55.25,18.7,79.4,71.91,0.22
55.32,18.6,79.31,71.87,0.22
55.16,18.6,79.2,71.83,0.22
55.45,18.9,79.06,71.78,0.22
55.38,18.9,78.92,71.73,0.22
55.34,18.7,78.75,71.67,0.22
55.35,18.8,78.58,71.6,0.22
55.15,18.8,78.4,71.53,0.22
55.1,18.9,78.22,71.46,0.22
55.17,18.7,78.03,71.38,0.22
54.92,18.7,77.85,71.3,0.22
55.03,18.8,77.66,71.21,0.22
54.77,18.7,77.48,71.12,0.22
54.68,18.9,77.3,71.03,0.22
54.46,18.9,77.13,70.94,0.22
54.3,18.7,76.95,70.85,0.22
54.23,18.7,76.78,70.76,0.22
54.24,18.8,76.61,70.67,0.22
53.93,18.7,76.46,70.58,0.22
53.78,18.7,76.31,70.49,0.22
53.82,18.7,76.18,70.41,0.22
53.48,18.7,76.06,70.33,0.22
53.36,18.8,75.96,70.26,0.22
53.34,18.8,75.88,70.19,0.22
53.04,18.8,75.82,70.14,0.22
53.07,18.9,75.78,70.09,0.22
52.84,19,75.75,70.05,0.22
52.61,19,75.74,70.01,0.22
52.64,18.9,75.75,69.99,0.22
52.19,19.1,75.78,69.97,0.22
52.23,18.9,75.81,69.96,0.22
52.2,19.1,75.87,69.96,0.22
52.16,19.2,75.94,69.97,0.22
51.87,19.2,76.03,69.99,0.22
51.73,18.9,76.13,70.02,0.22
51.8,19.2,76.26,70.05,0.22
51.71,19.2,76.41,70.09,0.22
51.71,18.9,76.58,70.14,0.22
51.86,18.9,76.76,70.2,0.22
51.71,19.2,76.96,70.26,0.22
51.86,19.1,77.18,70.32,0.22
51.87,19,77.41,70.39,0.22
51.94,19.1,77.63,70.46,0.22
51.8,19.2,77.86,70.53,0.22
52.07,19.1,78.08,70.6,0.22
52.2,19,78.28,70.67,0.22
52.14,18.8,78.47,70.73,0.22
52.39,19.1,78.64,70.79,0.22
52.3,19.1,78.78,70.85,0.22
52.75,19.1,78.9,70.9,0.22
52.72,18.9,79,70.95,0.22
52.84,19.1,79.08,70.99,0.22
52.95,19.1,79.12,71.03,0.22
53.12,19.1,79.15,71.05,0.22
53.36,19.1,79.15,71.07,0.22
53.59,19.1,79.12,71.08,0.22
53.65,19.1,79.08,71.09,0.22
53.87,18.9,79.02,71.08,0.22
53.81,18.9,78.93,71.06,0.22
54.07,19.1,78.83,71.04,0.22
54.02,19,78.72,71.01,0.22
54.31,18.9,78.58,70.97,0.22
54.34,18.9,78.44,70.92,0.22
54.32,19,78.27,70.86,0.22
54.42,19,78.1,70.8,0.22
54.28,18.9,77.91,70.73,0.22
54.48,18.9,77.71,70.65,0.22
54.27,18.9,77.49,70.57,0.22
54.24,18.8,77.26,70.48,0.22
54.29,18.9,77.02,70.39,0.22
54.32,19,76.76,70.3,0.22
54.05,18.8,76.5,70.2,0.22
53.83,19,76.24,70.1,0.22
53.94,19.1,75.99,70.01,0.22
53.72,18.9,75.75,69.91,0.22
53.6,18.9,75.54,69.81,0.22
53.59,19.1,75.34,69.72,0.22
53.27,18.9,75.18,69.63,0.22
53.11,19.1,75.05,69.54,0.22
53.09,19.2,74.95,69.45,0.22
52.78,18.9,74.88,69.37,0.22
52.74,19.2,74.84,69.29,0.22
52.39,19.2,74.84,69.22,0.22
52.35,19,74.86,69.15,0.22
52.21,19.1,74.91,69.1,0.22
51.91,19,74.99,69.05,0.22
52,19.3,75.08,69,0.22
51.94,19.1,75.2,68.97,0.22
52.03,19.2,75.33,68.94,0.22
51.82,19.4,75.47,68.92,0.22
52.01,19.4,75.63,68.91,0.22
51.84,19.4,75.8,68.9,0.22
51.81,19.2,75.97,68.91,0.22
52,19.1,76.15,68.92,0.22
52.02,19.3,76.32,68.94,0.22
52.26,19.3,76.5,68.96,0.22
52.4,19.5,76.67,69,0.24
52.24,19.5,76.82,69.04,0.24
52.37,19.5,76.97,69.08,0.24
52.6,19.4,77.11,69.13,0.24
52.8,19.5,77.23,69.19,0.24
52.91,19.4,77.34,69.26,0.24
53.3,19.6,77.43,69.33,0.24
53.25,19.4,77.52,69.41,0.24
53.38,19.4,77.59,69.49,0.24
53.47,19.7,77.65,69.57,0.24
53.64,19.6,77.7,69.65,0.24
53.85,19.7,77.74,69.74,0.24
53.95,19.6,77.77,69.83,0.24
54.13,19.6,77.79,69.92,0.24
54.43,19.5,77.8,70.01,0.24
54.45,19.5,77.8,70.1,0.24
54.4,19.6,77.78,70.19,0.24
54.4,19.6,77.74,70.28,0.24
54.53,19.5,77.7,70.36,0.24
54.78,19.7,77.65,70.44,0.24
54.58,19.5,77.61,70.52,0.24
54.79,19.6,77.58,70.59,0.24
54.72,19.7,77.56,70.65,0.24
54.46,19.8,77.55,70.71,0.24
54.71,19.7,77.55,70.77,0.24
54.63,19.4,77.57,70.82,0.24
54.66,19.7,77.6,70.86,0.24
54.37,19.5,77.64,70.89,0.24
54.44,19.7,77.68,70.92,0.24
54.43,19.6,77.73,70.94,0.24
54.38,19.5,77.77,70.96,0.24
54.48,19.4,77.8,70.97,0.24
54.38,19.4,77.83,70.98,0.24
54.44,19.4,77.85,70.98,0.24
54.25,19.5,77.85,70.98,0.24
54.25,19.4,77.84,70.98,0.24
54.38,19.5,77.81,70.97,0.24
54.06,19.4,77.77,70.95,0.24
54.11,19.7,77.71,70.93,0.24
54.15,19.7,77.64,70.91,0.24
54.13,19.5,77.56,70.88,0.24
53.97,19.4,77.47,70.86,0.24
54.07,19.4,77.38,70.82,0.24
54.08,19.6,77.27,70.79,0.24
54.02,19.5,77.17,70.76,0.24
53.88,19.5,77.06,70.72,0.24
53.71,19.6,76.96,70.68,0.24
53.71,19.5,76.87,70.65,0.24
53.65,19.5,76.78,70.61,0.24
53.61,19.7,76.7,70.57,0.24
53.5,19.6,76.63,70.53,0.24
53.21,19.7,76.57,70.49,0.24
53.26,19.5,76.52,70.45,0.24
53.14,19.6,76.48,70.41,0.24
53.21,19.4,76.44,70.37,0.24
53.02,19.6,76.41,70.33,0.24
52.98,19.8,76.39,70.29,0.24
52.95,19.7,76.36,70.26,0.24
52.65,19.7,76.34,70.22,0.24
52.72,19.7,76.32,70.18,0.24
52.68,19.6,76.3,70.15,0.24
52.68,19.6,76.29,70.11,0.24
52.45,19.5,76.28,70.08,0.24
52.43,19.6,76.27,70.04,0.24
52.51,19.5,76.27,70.01,0.24
52.51,19.5,76.28,69.98,0.24
52.16,19.7,76.3,69.94,0.24
52.45,19.4,76.33,69.91,0.24
52.24,19.4,76.37,69.88,0.24
52.18,19.4,76.41,69.85,0.24
52.17,19.5,76.47,69.82,0.24
52.28,19.6,76.52,69.79,0.24
52.4,19.5,76.59,69.76,0.24
52.12,19.5,76.65,69.73,0.24
52.28,19.5,76.71,69.7,0.24
52.37,19.5,76.76,69.67,0.24
52.44,19.6,76.81,69.65,0.24
52.64,19.4,76.83,69.62,0.24
52.53,19.4,76.85,69.6,0.24
52.74,19.4,76.84,69.57,0.24
52.75,19.3,76.82,69.55,0.24
52.68,19.5,76.79,69.53,0.24
52.83,19.4,76.74,69.52,0.24
52.99,19.4,76.68,69.5,0.24
52.87,19.4,76.6,69.49,0.24
53.11,19.5,76.52,69.48,0.24
52.86,19.5,76.43,69.47,0.24
53.04,19.5,76.35,69.47,0.24
52.91,19.7,76.27,69.47,0.24
52.94,19.5,76.2,69.47,0.24
53.1,19.7,76.14,69.47,0.24
53.1,19.8,76.1,69.48,0.24
53.04,19.7,76.07,69.49,0.24
53.13,19.6,76.05,69.5,0.24
53.06,19.6,76.05,69.52,0.24
52.95,19.8,76.07,69.54,0.24
52.91,19.9,76.1,69.56,0.24
52.93,19.7,76.15,69.59,0.24
53.03,19.8,76.22,69.62,0.24
53.03,19.8,76.31,69.66,0.24
52.72,19.9,76.41,69.69,0.24
52.9,19.9,76.53,69.73,0.24
53.03,20,76.65,69.77,0.24
52.96,20,76.77,69.81,0.24
52.97,19.8,76.91,69.85,0.24
53.01,20.1,77.05,69.89,0.24
53.15,20,77.19,69.94,0.24
53.14,19.8,77.35,69.99,0.24
53.15,20.1,77.51,70.04,0.24
53.31,20.1,77.68,70.09,0.24
53.58,19.8,77.85,70.15,0.24
53.52,20,78.02,70.2,0.24
53.78,19.9,78.19,70.27,0.24
53.83,20,78.36,70.33,0.24
53.93,19.9,78.52,70.39,0.24
54.06,19.9,78.67,70.46,0.24
54.18,19.9,78.82,70.53,0.24
54.41,19.8,78.94,70.6,0.24
54.52,20,79.06,70.67,0.24
54.75,19.9,79.16,70.73,0.24
55.11,20.1,79.23,70.8,0.24
55.17,19.9,79.29,70.87,0.24
55.17,19.8,79.33,70.93,0.24
55.62,20.1,79.34,70.98,0.24
55.74,20,79.34,71.04,0.24
55.85,20.1,79.32,71.08,0.24
55.98,19.9,79.28,71.12,0.24
55.94,20.2,79.23,71.16,0.24
56.13,20.2,79.16,71.19,0.24
56.22,20.2,79.09,71.21,0.24
56.3,20.3,79.01,71.22,0.24
56.45,20.2,78.92,71.23,0.24
56.35,20.3,78.83,71.24,0.24
56.58,20.4,78.74,71.23,0.24
56.43,20.5,78.64,71.22,0.24
56.5,20.4,78.55,71.21,0.24
56.58,20.3,78.45,71.18,0.24
56.37,20.6,78.35,71.15,0.24
56.31,20.6,78.26,71.12,0.24
56.28,20.5,78.16,71.08,0.24
56.55,20.4,78.05,71.04,0.24
56.41,20.4,77.94,71,0.24
56.33,20.5,77.82,70.95,0.24
56.25,20.3,77.69,70.9,0.24
56.32,20.3,77.56,70.86,0.24
56.16,20.2,77.43,70.81,0.24
56.05,20.4,77.3,70.76,0.24
55.99,20.3,77.18,70.72,0.24
55.8,20.5,77.08,70.68,0.24
55.71,20.1,76.99,70.65,0.24
55.73,20.2,76.94,70.61,0.24
55.59,20.4,76.91,70.58,0.24
55.46,20.2,76.91,70.56,0.24
55.26,20.2,76.93,70.53,0.24
55.16,20.2,76.97,70.51,0.24
55.26,20.1,77.03,70.5,0.24
55.25,20.1,77.1,70.48,0.24
55.22,20.3,77.17,70.47,0.24
55.03,20.2,77.24,70.46,0.24
54.9,20.2,77.31,70.45,0.24
54.86,20.2,77.37,70.44,0.24
54.97,20.2,77.43,70.43,0.24
54.86,20.4,77.48,70.42,0.24
54.89,20.3,77.52,70.42,0.24
55.18,20.4,77.55,70.41,0.24
55.02,20.5,77.58,70.41,0.24
54.91,20.5,77.6,70.41,0.24
54.97,20.4,77.62,70.41,0.24
55.21,20.3,77.62,70.42,0.24
55.27,20.6,77.62,70.42,0.24
55.02,20.4,77.61,70.43,0.24
55.03,20.5,77.59,70.44,0.24
55.11,20.4,77.57,70.46,0.24
55.21,20.3,77.55,70.47,0.24
55.16,20.2,77.52,70.49,0.24
55.12,20.2,77.51,70.51,0.24
55.15,20.3,77.5,70.54,0.24
55.2,20.4,77.49,70.57,0.24
55.04,20.2,77.5,70.6,0.24
55.15,20.3,77.51,70.63,0.24
55.09,20.3,77.53,70.67,0.24
55.03,20.1,77.55,70.7,0.24
55.25,20,77.58,70.74,0.24
55.1,20,77.6,70.79,0.24
55.17,20,77.63,70.83,0.24
54.99,20.1,77.65,70.87,0.24
55.03,20.2,77.67,70.92,0.24
54.84,20.1,77.68,70.96,0.24
55.05,20,77.7,71,0.24
54.7,20,77.71,71.04,0.24
54.72,20.2,77.73,71.08,0.24
54.63,20.2,77.74,71.12,0.24
54.78,20.2,77.76,71.15,0.24
54.7,20.1,77.79,71.18,0.24
54.62,20.3,77.82,71.21,0.24
54.51,20.1,77.87,71.24,0.24
54.41,20.1,77.93,71.26,0.24
54.47,20.2,78,71.28,0.24
54.48,20.2,78.09,71.29,0.24
54.62,20.3,78.19,71.3,0.24
54.49,20.3,78.29,71.31,0.24
54.33,20.7,78.4,71.32,0.24
54.6,20.7,78.5,71.32,0.24
54.59,20.7,78.6,71.32,0.24
54.59,20.8,78.7,71.32,0.24
54.8,20.6,78.79,71.31,0.24
54.91,20.7,78.87,71.3,0.24
54.68,20.7,78.93,71.29,0.24
54.81,20.6,78.98,71.27,0.24
55.11,20.6,79,71.25,0.24
55.16,20.9,79,71.23,0.24
55.26,20.9,78.98,71.2,0.24
55.41,20.7,78.94,71.17,0.24
55.59,20.7,78.88,71.14,0.24
55.46,20.9,78.8,71.1,0.24
55.63,20.6,78.71,71.06,0.24
55.8,20.8,78.61,71.01,0.24
55.9,20.6,78.5,70.96,0.24
55.65,20.5,78.38,70.91,0.24
55.91,20.8,78.27,70.86,0.24
56.06,20.6,78.15,70.81,0.24
56.01,20.7,78.03,70.75,0.24
55.85,20.7,77.91,70.7,0.24
56.09,20.3,77.79,70.64,0.24
56.05,20.6,77.68,70.59,0.24
55.77,20.5,77.56,70.53,0.24
56.07,20.4,77.44,70.47,0.24
55.8,20.3,77.31,70.41,0.24
55.76,20.3,77.19,70.35,0.24
55.72,20.3,77.06,70.3,0.24
55.93,20.4,76.93,70.24,0.24
55.79,20.4,76.81,70.18,0.24
55.59,20.1,76.69,70.13,0.24
55.58,20.3,76.58,70.08,0.24
55.59,20.5,76.48,70.03,0.24
55.57,20.2,76.39,69.98,0.24
55.16,20.2,76.31,69.94,0.24
55.28,20.3,76.25,69.91,0.24
55.02,20.4,76.19,69.88,0.24
55.05,20.4,76.15,69.85,0.24
54.85,20.3,76.13,69.83,0.24
55.05,20.5,76.11,69.82,0.24
54.81,20.6,76.12,69.81,0.24
54.58,20.3,76.13,69.81,0.24
54.68,20.6,76.15,69.81,0.24
54.5,20.7,76.18,69.82,0.24
54.69,20.5,76.22,69.83,0.24
54.41,20.5,76.26,69.85,0.24
54.56,20.7,76.3,69.88,0.24
54.26,20.5,76.34,69.9,0.24
54.45,20.6,76.38,69.93,0.24
54.1,20.7,76.42,69.96,0.24
54.35,20.6,76.47,70,0.24
54.23,20.8,76.51,70.04,0.24
54.2,20.8,76.56,70.08,0.24
54.03,21,76.6,70.13,0.24
54.06,20.8,76.64,70.17,0.24
54.12,20.9,76.68,70.22,0.24
54.08,20.8,76.72,70.26,0.24
54,20.8,76.75,70.31,0.24
54.01,20.9,76.78,70.35,0.24
53.97,20.7,76.81,70.4,0.24
54.07,20.9,76.84,70.44,0.24
53.82,20.8,76.88,70.48,0.24
53.94,20.8,76.91,70.52,0.24
53.96,20.8,76.95,70.55,0.24
53.79,21,76.98,70.58,0.24
53.72,20.7,77.01,70.61,0.24
53.59,20.9,77.03,70.63,0.24
53.55,20.8,77.05,70.65,0.24
53.78,20.7,77.06,70.67,0.24
53.56,20.7,77.07,70.68,0.24
53.68,20.6,77.07,70.69,0.24
53.52,20.7,77.07,70.7,0.24
53.68,20.9,77.07,70.7,0.24
53.56,20.6,77.06,70.7,0.24
53.49,21,77.05,70.69,0.24
53.44,20.7,77.04,70.69,0.24
53.51,20.9,77.03,70.68,0.24
53.29,20.8,77.01,70.66,0.24
53.29,20.8,76.99,70.65,0.24
53.4,20.8,76.97,70.64,0.24
53.31,21.1,76.94,70.62,0.24
53.39,20.9,76.92,70.61,0.24
53.25,21,76.89,70.59,0.24
53.21,21,76.86,70.58,0.24
53.16,20.8,76.83,70.57,0.24
53.3,20.8,76.82,70.56,0.24
53.28,21,76.81,70.55,0.24
52.94,21,76.81,70.54,0.24
53.14,20.9,76.82,70.54,0.24
53.17,20.9,76.84,70.54,0.24
53.1,20.8,76.86,70.55,0.24
52.97,21,76.9,70.56,0.24
52.89,20.9,76.93,70.57,0.24
52.91,21,76.97,70.58,0.24
53,20.9,77,70.6,0.24
53.12,20.9,77.04,70.62,0.24
53,20.8,77.07,70.64,0.24
52.91,20.9,77.11,70.67,0.24
53.02,20.7,77.15,70.7,0.24
52.93,20.9,77.19,70.73,0.24
52.99,20.7,77.23,70.77,0.24
52.93,20.9,77.27,70.81,0.24
52.84,20.8,77.31,70.85,0.24
52.78,20.9,77.36,70.9,0.24
53.02,20.8,77.41,70.94,0.24
53.07,20.8,77.46,70.98,0.24
53.07,20.9,77.52,71.02,0.24
52.89,20.7,77.59,71.07,0.24
52.93,20.8,77.65,71.1,0.24
52.85,20.7,77.71,71.14,0.24
52.95,20.7,77.77,71.18,0.24
52.9,20.5,77.83,71.21,0.24
53.08,20.8,77.88,71.24,0.24
52.94,20.8,77.93,71.26,0.24
52.99,20.5,77.98,71.28,0.24
53,20.5,78.03,71.3,0.24
53.04,20.8,78.07,71.32,0.24
52.96,20.7,78.11,71.33,0.24
53.11,20.7,78.13,71.34,0.24
52.99,20.7,78.14,71.35,0.24
52.99,20.7,78.15,71.35,0.24
53.09,20.8,78.14,71.35,0.24
53.08,20.9,78.11,71.35,0.24
53.09,20.9,78.08,71.35,0.24
53.08,20.8,78.03,71.35,0.24
53.28,20.8,77.98,71.34,0.24
53.2,21,77.92,71.34,0.24
53.42,20.7,77.85,71.33,0.24
53.39,20.8,77.77,71.32,0.24
53.39,20.9,77.7,71.31,0.24
53.14,20.8,77.62,71.3,0.24
53.22,20.9,77.54,71.29,0.24
53.25,20.8,77.46,71.27,0.24
53.05,20.8,77.38,71.25,0.24
53.1,20.9,77.31,71.23,0.24
53.16,20.7,77.24,71.21,0.24
53.06,20.8,77.19,71.18,0.24
53.09,20.9,77.14,71.16,0.24
52.93,20.8,77.1,71.13,0.24
52.97,20.8,77.06,71.1,0.24
52.61,21,77.04,71.07,0.24
52.57,21,77.02,71.03,0.24
52.79,21.1,77.01,71,0.24
52.64,21,77,70.96,0.24
52.45,21.1,76.99,70.93,0.24
52.49,21.1,76.98,70.9,0.24
52.34,20.9,76.97,70.86,0.24
52.29,21.2,76.96,70.83,0.24
52.3,21.2,76.96,70.8,0.24
52.39,21.1,76.95,70.77,0.24
52.36,21.2,76.96,70.75,0.24
52.21,21.2,76.97,70.72,0.24
52.47,21.2,76.99,70.7,0.24
52.32,21.1,77.03,70.68,0.24
52.26,21.3,77.07,70.67,0.24
52.39,21.1,77.12,70.66,0.24
52.55,21.1,77.17,70.65,0.24
52.27,21.2,77.23,70.64,0.24
52.32,21.2,77.29,70.64,0.24
52.49,21,77.35,70.64,0.24
52.44,21.2,77.41,70.64,0.24
52.61,21,77.47,70.65,0.24
52.74,21.2,77.52,70.65,0.24
52.77,20.9,77.56,70.66,0.24
52.85,21.2,77.6,70.67,0.24
52.72,21,77.62,70.68,0.24
52.89,20.9,77.63,70.69,0.24
53.07,21,77.64,70.69,0.24
52.97,21,77.63,70.7,0.24
53.22,21.1,77.63,70.7,0.24
53.01,20.9,77.62,70.7,0.24
53.32,21.1,77.61,70.7,0.24
53.25,21.1,77.61,70.69,0.24
53.4,20.9,77.61,70.68,0.24
53.37,20.8,77.62,70.66,0.24
53.53,21,77.64,70.64,0.24
53.31,20.9,77.66,70.62,0.24
53.55,21,77.68,70.6,0.24
53.68,21.1,77.69,70.58,0.24
53.74,21.1,77.7,70.55,0.24
53.63,21.1,77.7,70.53,0.24
53.79,20.9,77.69,70.5,0.24
53.88,21.1,77.68,70.48,0.24
53.99,21.1,77.65,70.45,0.24
53.99,21.1,77.6,70.43,0.24
53.91,21.1,77.55,70.41,0.24
54.19,21.1,77.48,70.38,0.24
54.18,20.8,77.39,70.36,0.24
54.26,20.7,77.3,70.35,0.24
54.24,20.8,77.2,70.33,0.24
54.16,20.8,77.09,70.32,0.24
54.41,20.7,76.99,70.31,0.24
54.1,20.8,76.89,70.3,0.24
54.16,20.7,76.8,70.3,0.24
54.22,20.8,76.72,70.29,0.24
54.06,20.7,76.65,70.29,0.24
54.09,20.8,76.6,70.29,0.24
54.1,20.9,76.56,70.3,0.24
54.15,20.8,76.53,70.3,0.24
53.84,20.6,76.51,70.31,0.24
54.03,20.9,76.51,70.31,0.24
53.83,20.7,76.52,70.32,0.24
53.67,20.8,76.55,70.34,0.24
53.8,20.7,76.59,70.35,0.24
53.56,20.7,76.65,70.36,0.24
53.48,20.9,76.73,70.38,0.24
53.56,20.7,76.81,70.39,0.24
53.38,20.7,76.91,70.41,0.24
53.59,20.7,77.02,70.44,0.24
53.61,20.7,77.13,70.46,0.24
53.48,20.9,77.24,70.49,0.24
53.53,20.7,77.35,70.52,0.24
53.66,21,77.46,70.55,0.24
53.63,20.8,77.56,70.59,0.24
53.52,20.8,77.66,70.63,0.24
53.65,20.8,77.76,70.68,0.24
53.91,21,77.86,70.73,0.24
53.94,20.7,77.97,70.78,0.24
53.72,20.8,78.08,70.83,0.24
54.11,20.6,78.21,70.89,0.24
54.17,20.8,78.34,70.95,0.24
54.07,20.8,78.48,71.01,0.24
54.1,20.9,78.62,71.07,0.24
54.15,20.9,78.76,71.13,0.24
54.54,20.7,78.89,71.2,0.24
54.61,20.9,79.03,71.26,0.24
54.79,21.1,79.16,71.33,0.24
54.74,21.1,79.28,71.39,0.24
54.88,21.1,79.41,71.45,0.24
55.23,20.9,79.52,71.51,0.24
55.12,21,79.62,71.56,0.24
55.34,20.9,79.69,71.62,0.24
55.45,21.1,79.75,71.67,0.24
55.67,20.9,79.79,71.72,0.24
55.59,21.1,79.8,71.77,0.24
55.79,21.1,79.8,71.81,0.24
55.96,21.1,79.78,71.86,0.24
56.03,21.1,79.75,71.9,0.24
56.3,21.2,79.71,71.94,0.24
56.27,20.9,79.66,71.98,0.24
56.45,21.1,79.62,72.02,0.24
56.56,21.1,79.59,72.05,0.24
56.32,20.9,79.56,72.08,0.24
56.67,20.9,79.53,72.1,0.24
56.42,20.8,79.52,72.12,0.24
56.54,21,79.51,72.13,0.24
56.49,20.9,79.5,72.15,0.24
56.56,20.7,79.5,72.15,0.24
56.55,20.9,79.5,72.16,0.24
56.57,20.9,79.51,72.16,0.24
56.55,20.8,79.51,72.16,0.24
56.68,20.7,79.51,72.16,0.24
56.65,20.7,79.51,72.16,0.24
56.7,21,79.51,72.15,0.24
56.8,20.7,79.51,72.14,0.24
56.56,20.9,79.5,72.14,0.24
56.58,20.9,79.49,72.12,0.24
56.62,20.8,79.47,72.11,0.24
56.65,20.7,79.46,72.1,0.24
56.84,20.8,79.43,72.08,0.24
56.67,20.8,79.41,72.06,0.24
56.74,20.6,79.38,72.04,0.24
56.66,20.8,79.34,72.02,0.24
56.87,20.7,79.29,71.99,0.24
56.97,20.7,79.24,71.96,0.24
56.7,20.8,79.17,71.93,0.24
56.69,20.7,79.1,71.9,0.24
56.7,20.8,79.02,71.87,0.24
56.66,20.7,78.94,71.83,0.24
56.63,20.7,78.85,71.79,0.24
56.61,20.9,78.77,71.75,0.24
56.79,20.6,78.69,71.71,0.24
56.54,20.9,78.62,71.67,0.24
56.74,20.7,78.56,71.63,0.24
56.46,20.9,78.5,71.58,0.24
56.58,20.9,78.45,71.54,0.24
56.45,20.7,78.41,71.49,0.24
56.34,21,78.36,71.44,0.24
56.4,20.8,78.31,71.39,0.24
56.53,21,78.25,71.34,0.24
56.22,20.9,78.19,71.29,0.24
56.29,21,78.12,71.24,0.24
56.15,20.7,78.04,71.19,0.24
56.41,21.1,77.97,71.15,0.24
56.3,21.1,77.89,71.1,0.24
56.27,21.1,77.82,71.06,0.24
56.04,20.9,77.76,71.02,0.24
56.18,21,77.69,70.98,0.24
56.11,21,77.64,70.94,0.24
56.11,21.1,77.59,70.91,0.24
56.07,20.9,77.55,70.89,0.24
55.81,20.7,77.51,70.86,0.24
55.81,21.1,77.49,70.84,0.24
55.8,20.9,77.49,70.83,0.24
55.71,20.9,77.51,70.82,0.24
55.53,21.1,77.54,70.81,0.24
55.54,20.8,77.6,70.8,0.24
55.78,20.7,77.67,70.8,0.24
55.61,21,77.75,70.8,0.24
55.55,21,77.84,70.8,0.24
55.78,21,77.93,70.81,0.24
55.69,21,78.02,70.82,0.24
55.59,20.9,78.1,70.83,0.24
55.6,20.8,78.19,70.84,0.24
55.55,20.8,78.26,70.86,0.24
55.62,20.8,78.33,70.87,0.24
55.92,20.8,78.39,70.89,0.24
55.99,20.8,78.45,70.91,0.24
56.08,21,78.51,70.93,0.24
56.11,20.9,78.56,70.94,0.24
56.19,20.6,78.62,70.96,0.24
56.15,20.8,78.66,70.98,0.24
56.08,20.9,78.7,70.99,0.24
56.3,20.7,78.73,71.01,0.24
56.47,20.6,78.75,71.02,0.24
56.33,20.5,78.77,71.03,0.24
56.4,20.7,78.77,71.04,0.24
56.54,20.6,78.76,71.04,0.24
56.64,20.6,78.74,71.04,0.24
56.73,20.5,78.7,71.04,0.24
56.8,20.6,78.66,71.03,0.24
56.59,20.5,78.6,71.02,0.24
56.67,20.6,78.54,71.01,0.24
56.88,20.6,78.46,70.99,0.24
56.74,20.4,78.36,70.97,0.24
56.8,20.4,78.26,70.95,0.24
56.97,20.5,78.16,70.93,0.24
56.76,20.7,78.04,70.9,0.24
56.84,20.4,77.91,70.88,0.24
56.65,20.7,77.78,70.85,0.24
56.81,20.7,77.64,70.82,0.24
56.5,20.7,77.5,70.79,0.24
56.44,20.7,77.36,70.75,0.24
56.44,20.4,77.24,70.72,0.24
56.35,20.4,77.12,70.68,0.24
56.21,20.5,77.01,70.64,0.24
56.04,20.5,76.93,70.6,0.24
56.06,20.4,76.85,70.55,0.24
55.88,20.4,76.8,70.51,0.24
55.96,20.6,76.76,70.46,0.24
55.84,20.5,76.74,70.42,0.24
55.52,20.3,76.73,70.37,0.24
55.5,20.4,76.73,70.32,0.24
55.34,20.6,76.73,70.27,0.24
55.23,20.6,76.74,70.23,0.24
55.17,20.3,76.76,70.18,0.24
55.2,20.4,76.77,70.14,0.24
55.1,20.5,76.77,70.09,0.24
55.03,20.2,76.77,70.05,0.24
55.3,20.3,76.76,70.01,0.24
54.96,20.3,76.75,69.98,0.24
55.17,20.2,76.73,69.94,0.24
55.03,20.3,76.71,69.91,0.24
54.92,20.2,76.69,69.89,0.24
54.95,20.2,76.66,69.86,0.24
54.8,20.3,76.64,69.84,0.24
54.8,20.1,76.62,69.82,0.24
54.77,20.2,76.6,69.81,0.24
54.88,20.2,76.6,69.8,0.24
54.71,20.1,76.61,69.8,0.24
54.88,20.3,76.63,69.8,0.24
54.69,20.3,76.66,69.8,0.24
54.78,20.3,76.71,69.81,0.24
54.86,20.3,76.76,69.82,0.24
54.78,20.2,76.82,69.83,0.24
54.85,20.1,76.87,69.85,0.24
54.66,20.3,76.93,69.88,0.24
54.79,20.2,76.98,69.91,0.24
54.86,20.3,77.02,69.94,0.24
54.69,20.1,77.06,69.97,0.24
54.76,20.3,77.1,70.01,0.24
54.81,20.4,77.13,70.05,0.24
54.92,20.2,77.16,70.09,0.24
54.97,20.3,77.19,70.14,0.24
55.02,20.3,77.21,70.18,0.24
54.82,20.5,77.24,70.23,0.24
54.78,20.6,77.27,70.28,0.24
54.99,20.4,77.29,70.34,0.24
54.81,20.3,77.32,70.39,0.24
55,20.4,77.35,70.45,0.24
54.94,20.6,77.39,70.51,0.24
55.03,20.7,77.43,70.57,0.24
54.94,20.5,77.48,70.63,0.24
54.77,20.6,77.54,70.69,0.24
54.91,20.7,77.61,70.75,0.24
54.82,20.7,77.7,70.81,0.24
54.76,20.5,77.8,70.86,0.24
54.73,20.5,77.9,70.92,0.24
54.77,20.6,78.01,70.97,0.24
54.83,20.5,78.11,71.02,0.24
54.87,20.4,78.2,71.06,0.24
55.05,20.7,78.28,71.11,0.24
54.97,20.5,78.34,71.15,0.24
55.11,20.5,78.39,71.19,0.24
54.96,20.7,78.41,71.22,0.24
54.89,20.6,78.42,71.25,0.24
55.03,20.6,78.42,71.28,0.24
54.98,20.7,78.41,71.3,0.24
55.13,20.5,78.38,71.32,0.24
55.2,20.5,78.35,71.33,0.24
55.05,20.4,78.31,71.34,0.24
55.16,20.4,78.27,71.34,0.24
55.02,20.4,78.22,71.34,0.24
55.19,20.5,78.16,71.33,0.24
55.16,20.3,78.09,71.31,0.24
54.99,20.3,78.02,71.29,0.24
55.17,20.2,77.94,71.26,0.24
55.12,20.5,77.86,71.22,0.24
54.78,20.2,77.78,71.18,0.24
54.74,20.2,77.7,71.14,0.24
54.84,20.3,77.63,71.09,0.24
54.94,20.2,77.56,71.03,0.24
54.82,20.1,77.49,70.97,0.24
54.66,20.2,77.43,70.91,0.24
54.7,20.2,77.38,70.85,0.24
54.41,20.2,77.32,70.78,0.24
54.47,20.3,77.26,70.71,0.24
54.32,20.2,77.2,70.64,0.24
54.38,20,77.13,70.57,0.24
54.46,20.1,77.06,70.5,0.24
54.25,20.1,76.99,70.43,0.24
54.15,20,76.92,70.36,0.24
54.28,20.1,76.86,70.29,0.24
54.06,20.1,76.79,70.22,0.24
54.24,20.1,76.73,70.15,0.24
54.05,20.2,76.67,70.09,0.24
54.12,20,76.63,70.03,0.24
53.89,20.1,76.59,69.97,0.24
53.9,20,76.57,69.91,0.24
54.01,20.2,76.55,69.86,0.24
53.98,20.2,76.56,69.81,0.24
54.1,20,76.57,69.76,0.24
54.13,20,76.6,69.72,0.24
54.04,20.1,76.65,69.68,0.24
53.89,20.3,76.7,69.64,0.24
53.98,20.2,76.77,69.61,0.24
53.93,20,76.85,69.58,0.24
54.17,20.1,76.93,69.56,0.24
54.01,20.1,77.02,69.54,0.24
54.29,20.1,77.11,69.53,0.24
54.25,20.2,77.19,69.52,0.24
54.28,20,77.27,69.51,0.24
54.54,20.2,77.32,69.51,0.24
54.66,20.1,77.36,69.52,0.24
54.69,20.3,77.38,69.53,0.24
54.87,20.2,77.37,69.54,0.24
54.81,20.1,77.35,69.56,0.24
55.11,19.9,77.3,69.58,0.24
55.22,20.2,77.24,69.6,0.24
55.3,20.1,77.17,69.63,0.24
55.37,19.9,77.09,69.65,0.24
55.13,20,77.01,69.68,0.24
55.29,19.8,76.93,69.71,0.24
55.2,20.1,76.86,69.73,0.24
55.47,19.9,76.79,69.76,0.24
55.39,19.9,76.72,69.79,0.24
55.2,19.7,76.66,69.81,0.24
55.16,19.9,76.6,69.83,0.24
55.08,19.7,76.55,69.85,0.24
55.28,19.6,76.5,69.87,0.24
54.98,19.6,76.46,69.88,0.24
55.1,19.9,76.43,69.89,0.24
54.78,19.9,76.4,69.9,0.24
54.81,19.6,76.38,69.91,0.24
54.63,19.6,76.37,69.91,0.24
54.58,19.6,76.37,69.91,0.24
54.55,19.6,76.37,69.91,0.24
54.6,19.5,76.38,69.91,0.24
54.56,19.8,76.39,69.9,0.24
54.56,19.9,76.4,69.89,0.24
54.19,19.8,76.4,69.88,0.24
54.26,19.9,76.41,69.87,0.24
54.2,19.7,76.41,69.86,0.24
54.12,19.6,76.41,69.84,0.24
54.2,19.7,76.4,69.82,0.24
54.04,19.9,76.4,69.81,0.24
54.14,20,76.39,69.79,0.24
54.03,19.9,76.38,69.77,0.24
54.13,19.9,76.38,69.76,0.24
54.04,19.7,76.38,69.74,0.24
53.95,19.8,76.39,69.73,0.24
53.94,19.7,76.4,69.72,0.24
53.9,19.7,76.42,69.71,0.24
53.76,19.9,76.45,69.71,0.24
53.65,19.8,76.47,69.71,0.24
53.82,19.7,76.51,69.72,0.24
53.93,20,76.54,69.73,0.24
53.68,19.8,76.58,69.74,0.24
53.89,19.8,76.62,69.76,0.24
53.92,20,76.67,69.78,0.24
53.97,19.8,76.72,69.8,0.24
53.98,19.8,76.77,69.83,0.24
53.9,19.8,76.82,69.86,0.24
53.99,19.7,76.87,69.9,0.24
54,19.8,76.91,69.93,0.24
53.94,19.9,76.96,69.97,0.24
53.72,19.7,77,70,0.24
54.04,19.6,77.05,70.04,0.24
53.75,19.9,77.1,70.09,0.24
54.08,19.6,77.16,70.13,0.24
53.98,19.7,77.22,70.17,0.24
53.92,19.9,77.28,70.22,0.24
53.87,19.9,77.35,70.27,0.24
54.15,19.8,77.44,70.32,0.24
53.87,19.8,77.52,70.37,0.24
54.1,19.9,77.62,70.42,0.24
53.96,19.9,77.71,70.47,0.24
54.26,19.9,77.8,70.51,0.24
54.15,19.7,77.9,70.56,0.24
54.38,19.7,77.98,70.6,0.24
54.34,19.8,78.06,70.65,0.24
54.36,19.8,78.12,70.69,0.24
54.26,19.7,78.17,70.72,0.24
54.29,19.8,78.21,70.76,0.24
54.37,19.7,78.24,70.79,0.24
54.52,19.7,78.25,70.83,0.24
54.42,19.6,78.25,70.86,0.24
54.78,19.4,78.24,70.89,0.24
54.74,19.5,78.22,70.92,0.24
54.67,19.6,78.21,70.95,0.24
54.74,19.6,78.18,70.98,0.24
54.84,19.7,78.16,71,0.24
54.83,19.5,78.14,71.03,0.24
54.79,19.6,78.12,71.05,0.24
54.69,19.5,78.1,71.07,0.24
54.59,19.6,78.07,71.09,0.24
54.6,19.7,78.05,71.11,0.24
54.64,19.5,78.03,71.13,0.24
54.57,19.5,78,71.15,0.24
54.54,19.5,77.98,71.16,0.24
54.71,19.5,77.96,71.17,0.24
54.51,19.6,77.94,71.19,0.24
54.56,19.8,77.92,71.2,0.24
54.49,19.6,77.9,71.2,0.24
54.51,19.7,77.89,71.21,0.24
54.34,19.6,77.88,71.21,0.24
54.51,19.7,77.88,71.2,0.24
54.48,19.8,77.89,71.2,0.24
54.42,19.7,77.9,71.19,0.24
54.36,19.7,77.92,71.17,0.24
54.37,19.8,77.94,71.15,0.24
54.14,19.6,77.97,71.13,0.24
54.22,19.7,78,71.11,0.24
54.34,19.6,78.02,71.08,0.24
54.24,19.8,78.05,71.05,0.24
54.18,19.6,78.06,71.03,0.24
54.3,19.5,78.06,70.99,0.24
54.08,19.4,78.05,70.96,0.24
54.3,19.5,78.03,70.93,0.24
54.36,19.5,77.99,70.89,0.24
54.35,19.3,77.94,70.86,0.24
54.23,19.3,77.87,70.83,0.24
54.18,19.4,77.79,70.79,0.24
54.3,19.5,77.7,70.76,0.24
54.31,19.3,77.61,70.73,0.24
54.13,19.2,77.51,70.7,0.24
54.17,19.3,77.41,70.67,0.24
54.18,19.2,77.32,70.65,0.24
53.97,19.3,77.24,70.63,0.24
54.09,19.1,77.17,70.6,0.24
53.97,19.2,77.11,70.58,0.24
54.05,19.3,77.06,70.57,0.24
53.69,19.3,77.03,70.55,0.24
53.79,19.2,77,70.53,0.24
53.65,19.5,76.98,70.52,0.24
53.55,19.5,76.96,70.51,0.24
53.64,19.3,76.95,70.5,0.24
53.56,19.3,76.94,70.5,0.24
53.44,19.4,76.92,70.49,0.24
53.45,19.6,76.91,70.49,0.24
53.45,19.6,76.9,70.48,0.24
53.17,19.6,76.9,70.48,0.24
53.42,19.5,76.91,70.48,0.24
53.25,19.4,76.94,70.48,0.24
53.31,19.6,76.97,70.49,0.24
53.09,19.5,77.01,70.49,0.24
53.09,19.4,77.07,70.49,0.24
53.22,19.4,77.13,70.5,0.24
53.11,19.6,77.2,70.5,0.24
52.95,19.6,77.29,70.51,0.24
52.99,19.3,77.37,70.52,0.24
53.18,19.3,77.47,70.54,0.24
53.09,19.4,77.56,70.55,0.24
53.1,19.4,77.66,70.57,0.24
53.06,19.4,77.75,70.58,0.24
53.06,19.4,77.84,70.6,0.24
53.12,19.4,77.93,70.62,0.24
53.31,19.1,78.02,70.65,0.24
53.3,19.4,78.11,70.67,0.24
53.54,19.2,78.18,70.7,0.24
53.52,19.4,78.25,70.72,0.24
53.74,19.2,78.31,70.75,0.24
53.52,19.1,78.36,70.78,0.24
53.81,19.3,78.4,70.8,0.24
53.95,19.2,78.42,70.82,0.24
53.95,19.1,78.42,70.84,0.24
53.82,19.2,78.4,70.86,0.24
54.13,19.2,78.36,70.87,0.24
54.14,19.3,78.3,70.88,0.24
54.05,19.4,78.22,70.88,0.24
54.07,19.2,78.13,70.88,0.24
54.22,19.2,78.03,70.87,0.24
54.23,19.2,77.92,70.86,0.24
54.08,19.4,77.8,70.85,0.24
54.23,19.3,77.69,70.83,0.24
54.33,19.4,77.59,70.81,0.24
54.17,19.3,77.49,70.79,0.24
54.12,19.4,77.41,70.77,0.24
53.97,19.5,77.33,70.74,0.24
53.91,19.2,77.27,70.72,0.24
53.93,19.3,77.23,70.69,0.24
53.93,19.2,77.19,70.67,0.24
53.95,19.4,77.16,70.64,0.24
53.76,19.4,77.13,70.62,0.24
53.72,19.4,77.11,70.59,0.24
53.55,19.3,77.08,70.57,0.24
53.64,19.3,77.05,70.55,0.24
53.41,19.3,77.02,70.54,0.24
53.47,19.4,76.99,70.53,0.24
53.38,19.2,76.96,70.52,0.24
53.26,19.2,76.93,70.52,0.24
53.35,19,76.91,70.52,0.24
53.15,19.2,76.9,70.53,0.24
53.01,19.2,76.9,70.54,0.24
53.24,19.2,76.91,70.55,0.24
53.22,19.3,76.94,70.57,0.24
52.88,19.2,76.98,70.59,0.24
53.05,19.2,77.05,70.61,0.24
52.79,19.1,77.13,70.63,0.24
53,19.2,77.23,70.66,0.24
52.89,19.2,77.35,70.68,0.24
52.93,19.3,77.49,70.71,0.24
52.86,19,77.63,70.74,0.24
52.92,19.2,77.78,70.76,0.24
52.9,19.2,77.93,70.79,0.24
52.74,19,78.08,70.82,0.24
52.89,19,78.22,70.85,0.24
53.09,19.1,78.35,70.88,0.24
53.07,19.2,78.47,70.92,0.24
53.12,19.2,78.59,70.95,0.24
53.17,19.2,78.7,70.99,0.24
53.39,19.2,78.8,71.02,0.24
53.36,19,78.89,71.06,0.24
53.64,19.1,78.98,71.09,0.24
53.63,19.1,79.05,71.13,0.24
53.79,18.9,79.12,71.17,0.24
54.03,19.1,79.19,71.21,0.24
53.87,19,79.24,71.25,0.24
54.02,19,79.28,71.3,0.24
54.36,19,79.31,71.34,0.24
54.28,18.9,79.32,71.38,0.24
54.52,18.9,79.33,71.42,0.24
54.52,18.9,79.32,71.46,0.24
54.62,18.8,79.3,71.5,0.24
54.77,18.8,79.27,71.54,0.24
54.61,18.7,79.25,71.57,0.24
54.86,18.7,79.23,71.61,0.24
54.96,18.6,79.21,71.64,0.24
55,18.7,79.21,71.67,0.24
55,18.6,79.22,71.69,0.24
54.88,18.7,79.23,71.71,0.24
54.87,18.8,79.26,71.72,0.24
54.97,18.6,79.3,71.73,0.24
54.87,18.7,79.34,71.74,0.24
55.1,18.7,79.38,71.74,0.24
55.1,18.9,79.41,71.73,0.24
55.29,18.8,79.44,71.72,0.24
55.3,18.8,79.45,71.71,0.24
55.16,19,79.44,71.69,0.24
55.28,18.8,79.42,71.67,0.24
55.35,19,79.39,71.64,0.24
55.54,18.9,79.33,71.62,0.24
55.57,19.1,79.26,71.59,0.24
55.49,18.8,79.17,71.56,0.24
55.38,18.7,79.07,71.53,0.24
55.61,19,78.95,71.5,0.24
55.36,18.9,78.82,71.47,0.24
55.44,18.7,78.68,71.44,0.24
55.61,18.8,78.53,71.41,0.24
55.34,18.9,78.38,71.38,0.24
55.36,18.7,78.22,71.35,0.24
55.39,18.6,78.07,71.32,0.24
55.22,18.7,77.92,71.29,0.24
55.22,18.6,77.79,71.27,0.24
55.16,18.6,77.67,71.24,0.24
54.78,18.6,77.56,71.22,0.24
54.75,18.5,77.46,71.19,0.24
54.53,18.7,77.38,71.17,0.24
54.52,18.7,77.31,71.15,0.24
54.52,18.6,77.25,71.13,0.24
54.26,18.8,77.21,71.12,0.24
54.16,18.6,77.19,71.1,0.24
54.14,18.6,77.18,71.09,0.24
53.86,18.8,77.18,71.08,0.24
53.65,18.7,77.19,71.07,0.24
53.66,18.6,77.22,71.06,0.24
53.62,18.7,77.26,71.06,0.24
53.57,18.8,77.31,71.06,0.24
53.44,18.8,77.37,71.06,0.24
53.3,18.8,77.44,71.06,0.24
53.28,18.8,77.52,71.07,0.24
53.19,18.5,77.61,71.08,0.24
52.99,18.7,77.71,71.09,0.24
53.11,18.6,77.82,71.11,0.24
53.11,18.7,77.93,71.13,0.24
53.02,18.7,78.06,71.15,0.24
52.99,18.4,78.19,71.18,0.24
53.05,18.7,78.33,71.21,0.24
52.85,18.6,78.48,71.24,0.24
52.9,18.5,78.63,71.28,0.24
53.07,18.6,78.79,71.33,0.24
53.28,18.3,78.96,71.38,0.24
53.05,18.4,79.14,71.43,0.24
53.2,18.4,79.32,71.49,0.24
53.46,18.4,79.51,71.54,0.24
53.48,18.5,79.69,71.6,0.24
53.6,18.4,79.87,71.66,0.24
53.74,18.2,80.02,71.71,0.24
54.05,18.4,80.16,71.77,0.24
53.92,18.3,80.27,71.82,0.24
54.22,18.3,80.35,71.86,0.24
54.26,18.4,80.4,71.9,0.24
54.58,18.3,80.42,71.92,0.24
54.75,18.4,80.4,71.95,0.24
54.93,18.3,80.35,71.96,0.24
54.92,18.4,80.27,71.96,0.24
55.03,18.5,80.16,71.96,0.24
55.15,18.3,80.02,71.95,0.24
55.15,18.3,79.86,71.93,0.24
55.41,18.3,79.68,71.9,0.24
55.37,18.4,79.5,71.86,0.24
55.37,18.5,79.3,71.81,0.24
55.46,18.4,79.09,71.76,0.24
55.26,18.4,78.88,71.7,0.24
55.21,18.6,78.67,71.63,0.24
55.32,18.6,78.45,71.56,0.24
55.35,18.4,78.23,71.49,0.24
55.19,18.7,78.02,71.41,0.24
54.89,18.7,77.8,71.32,0.24
54.92,18.6,77.59,71.24,0.24
54.94,18.4,77.37,71.15,0.24
54.59,18.4,77.17,71.06,0.24
54.61,18.3,76.96,70.97,0.24
54.4,18.4,76.77,70.88,0.24
54.02,18.3,76.58,70.8,0.24
53.84,18.3,76.41,70.71,0.24
53.63,18.2,76.25,70.63,0.24
53.71,18.5,76.1,70.54,0.24
53.51,18.3,75.98,70.46,0.24
53.19,18.3,75.87,70.39,0.24
53.05,18.2,75.79,70.32,0.24
52.74,18.3,75.73,70.26,0.24
52.65,18.4,75.69,70.2,0.24
52.29,18.2,75.67,70.14,0.24
52.22,18.2,75.67,70.09,0.24
52.12,18.1,75.69,70.05,0.24
51.88,18.3,75.73,70.02,0.24
51.96,18.1,75.79,69.99,0.24
51.85,18.2,75.87,69.97,0.24
51.57,18.3,75.97,69.95,0.22
51.62,18.1,76.09,69.94,0.22
51.28,18.2,76.22,69.94,0.22
51.26,18.3,76.37,69.94,0.22
51.52,18.4,76.54,69.95,0.22
51.3,18.3,76.71,69.96,0.22
51.51,18.4,76.89,69.98,0.22
51.25,18.2,77.07,70,0.22
51.51,18.5,77.24,70.02,0.22
51.49,18.4,77.41,70.05,0.22
51.49,18.4,77.56,70.08,0.22
51.67,18.4,77.7,70.11,0.22
51.76,18.3,77.82,70.14,0.22
52.01,18.3,77.93,70.17,0.22
51.97,18.3,78.01,70.2,0.22
52.24,18.1,78.06,70.23,0.22
52.33,18.3,78.09,70.26,0.22
52.53,18.1,78.09,70.3,0.22
52.51,18.2,78.07,70.33,0.22
52.48,18.1,78.03,70.37,0.22
52.6,18.1,77.96,70.4,0.22
52.91,17.9,77.88,70.44,0.22
52.86,18.1,77.79,70.48,0.22
52.86,18,77.69,70.52,0.22
52.81,18,77.58,70.56,0.22
52.92,18,77.46,70.59,0.22
52.83,17.9,77.35,70.62,0.22
52.68,18,77.25,70.65,0.22
52.61,18,77.15,70.68,0.22
52.8,18,77.06,70.71,0.22
52.47,18,76.97,70.73,0.22
52.41,17.9,76.89,70.75,0.22
52.53,17.9,76.82,70.76,0.22
52.42,17.9,76.75,70.78,0.22
52.01,18.1,76.7,70.79,0.22
52.06,18.1,76.66,70.8,0.22
51.97,18.1,76.64,70.8,0.22
51.84,18.1,76.64,70.81,0.22
51.64,18.1,76.65,70.81,0.22
51.47,18,76.68,70.81,0.22
51.44,17.9,76.74,70.81,0.22
51.43,18.2,76.81,70.81,0.22
51.25,18,76.91,70.81,0.22
51.11,18,77.02,70.81,0.22
50.98,18.1,77.14,70.81,0.22
51.07,18.1,77.27,70.81,0.22
50.89,18.2,77.4,70.82,0.22
50.9,18.1,77.53,70.82,0.22
50.98,18,77.66,70.83,0.22
51.12,18,77.78,70.84,0.22
51.24,18.1,77.89,70.85,0.22
51.32,18.2,78,70.86,0.22
51.21,18.2,78.1,70.88,0.22
51.35,18.1,78.2,70.89,0.22
51.2,18.1,78.29,70.9,0.22
51.54,18.1,78.37,70.92,0.22
51.66,18.4,78.43,70.93,0.22
51.75,18.1,78.48,70.94,0.22
51.71,18.3,78.52,70.95,0.22
51.86,18.2,78.53,70.97,0.22
51.84,18.3,78.54,70.98,0.22
52.1,18.3,78.53,70.99,0.22
52.17,18.2,78.51,71,0.22
52.35,18.2,78.48,71.01,0.22
52.41,18.3,78.45,71.02,0.22
52.19,18.3,78.4,71.03,0.22
52.26,18.3,78.35,71.03,0.22
52.36,18,78.29,71.04,0.22
52.54,18.2,78.23,71.04,0.22
52.52,18.1,78.16,71.04,0.22
52.54,18.2,78.09,71.03,0.22
52.51,18.3,78.01,71.03,0.22
52.5,18.2,77.94,71.02,0.22
52.7,18.2,77.86,71.01,0.22
52.68,18,77.79,70.99,0.22
52.66,17.9,77.72,70.97,0.22
52.6,17.9,77.64,70.95,0.22
52.56,17.9,77.56,70.93,0.22
52.43,18.1,77.47,70.9,0.22
52.32,18.1,77.38,70.87,0.22
52.33,18,77.3,70.84,0.22
52.29,17.8,77.21,70.81,0.22
52.22,17.9,77.13,70.77,0.22
52.16,18.1,77.06,70.74,0.22
52.17,17.9,76.99,70.7,0.22
51.98,17.9,76.92,70.66,0.22
51.87,18.1,76.87,70.63,0.22
51.88,17.9,76.82,70.59,0.22
51.84,18.2,76.77,70.55,0.22
51.64,18.1,76.73,70.52,0.22
51.64,18.1,76.7,70.49,0.22
51.5,18.1,76.68,70.46,0.22
51.41,18.1,76.66,70.44,0.22
51.38,18.2,76.65,70.42,0.22
51.43,18,76.66,70.4,0.22
51.16,18.2,76.67,70.39,0.22
51.33,18.1,76.7,70.38,0.22
51.34,18.2,76.74,70.38,0.22
51.23,18.1,76.78,70.37,0.22
51.26,18.1,76.83,70.38,0.22
51.05,18.2,76.88,70.39,0.22
51.02,18.1,76.93,70.4,0.22
51.04,18,76.99,70.41,0.22
51.13,18.2,77.05,70.43,0.22
51.19,17.8,77.1,70.46,0.22
51.07,17.9,77.16,70.48,0.22
50.97,18.1,77.21,70.51,0.22
50.94,18,77.26,70.54,0.22
51.09,18.1,77.31,70.57,0.22
51.04,17.8,77.37,70.61,0.22
51.14,18.1,77.43,70.64,0.22
50.96,18,77.48,70.68,0.22
50.97,18,77.52,70.72,0.22
50.93,17.8,77.57,70.76,0.22
51.05,17.8,77.6,70.8,0.22
51.11,17.9,77.63,70.84,0.22
51.23,17.8,77.66,70.88,0.22
51.05,18,77.69,70.91,0.22
51.1,17.9,77.71,70.95,0.22
51.15,18,77.75,70.98,0.22
51.1,18,77.78,71.02,0.22
51.2,18,77.82,71.05,0.22
51.26,18.1,77.86,71.08,0.22
51.25,18,77.9,71.1,0.22
51.17,18,77.93,71.12,0.22
51.23,17.9,77.95,71.14,0.22
51.06,17.8,77.96,71.16,0.22
51.38,17.9,77.96,71.17,0.22
51.27,17.8,77.95,71.17,0.22
51.23,18,77.92,71.17,0.22
51.33,17.8,77.89,71.17,0.22
51.38,18,77.85,71.17,0.22
51.32,17.8,77.8,71.14,0.22
51.11,17.9,77.75,71.11,0.22
51.34,17.9,77.69,71.07,0.22
51.29,17.9,77.64,71.04,0.22
51.27,17.6,77.59,71.01,0.22
51.13,17.7,77.54,70.98,0.22
51.18,17.9,77.49,70.95,0.22
51,17.9,77.43,70.92,0.22
51.13,17.9,77.38,70.89,0.22
51.09,17.7,77.32,70.86,0.22
50.9,17.7,77.27,70.84,0.22
50.92,17.8,77.22,70.81,0.22
50.99,17.7,77.16,70.78,0.22
50.96,17.9,77.11,70.76,0.22
50.73,17.9,77.07,70.73,0.22
50.93,17.9,77.02,70.7,0.22
50.62,17.8,76.98,70.67,0.22
50.87,17.8,76.95,70.64,0.22
50.7,17.9,76.91,70.62,0.22
50.72,17.9,76.88,70.59,0.22
50.51,18.1,76.85,70.56,0.22
50.46,17.8,76.82,70.53,0.22
50.5,18,76.79,70.49,0.22
50.6,18.1,76.75,70.46,0.22
50.41,17.9,76.72,70.43,0.22
50.33,18.2,76.69,70.4,0.22
50.49,17.9,76.66,70.36,0.22
50.41,18.1,76.63,70.33,0.22
50.5,18.1,76.6,70.29,0.22
50.25,18,76.57,70.25,0.22
50.15,18.1,76.54,70.22,0.22
50.38,18.1,76.51,70.18,0.22
50.24,18,76.48,70.14,0.22
50.15,18.1,76.45,70.1,0.22
50.1,18.1,76.42,70.07,0.22
50.27,18.2,76.39,70.03,0.22
50.34,18.1,76.36,69.99,0.22
50.31,18.2,76.33,69.95,0.22
50.12,18.2,76.3,69.91,0.22
50.01,18.1,76.27,69.87,0.22
50.24,18.3,76.24,69.83,0.22
50.26,18,76.21,69.79,0.22
50.27,18.1,76.18,69.75,0.22
50,18.1,76.15,69.7,0.22
50.03,18.2,76.13,69.66,0.22
49.95,17.9,76.1,69.62,0.22
50.24,18,76.07,69.58,0.22
50.23,18.1,76.05,69.54,0.22
50.15,17.9,76.02,69.5,0.22
50.13,18.1,75.99,69.46,0.22
